,Date,Regular,Diesel
0,2022-08-29,3.85,5.06
1,2022-08-30,2.4179706460601524,8.458429876245052
2,2022-08-31,3.277800303782287,6.28428387122773
3,2022-09-01,4.266609533975684,4.02141858035552
4,2022-09-02,2.153514402574892,5.338413453919719
5,2022-09-03,2.539981894572721,4.580807653163968
6,2022-09-04,1.5451134613706587,3.3972118407939074
7,2022-09-05,3.79,5.07
8,2022-09-06,3.032090961586281,2.969793152227677
9,2022-09-07,4.632779867961908,5.981865791652947
10,2022-09-08,5.714519370300305,7.899563553406412
11,2022-09-09,4.069890384772422,4.1744089895035605
12,2022-09-10,2.443766942417025,7.182908246981903
13,2022-09-11,7.236873495488062,4.714973381938899
14,2022-09-12,3.72,5.01
15,2022-09-13,1.4762782917527582,2.7750878341980982
16,2022-09-14,1.4820187968500593,4.61272939142648
17,2022-09-15,3.1634731934627602,5.6253934733520214
18,2022-09-16,3.6025903640973307,5.626640599019345
19,2022-09-17,4.72834412858399,5.685968720125683
20,2022-09-18,2.2002492052100644,5.880942066279183
21,2022-09-19,3.68,4.95
22,2022-09-20,2.3437958142074904,4.1140182083740235
23,2022-09-21,3.9508111986691943,4.3315990107394775
24,2022-09-22,3.4654294806673804,6.503521437647382
25,2022-09-23,3.0098734058550876,6.540946703586824
26,2022-09-24,3.6563751406516163,6.373299529786489
27,2022-09-25,4.308743164945592,5.172480399571469
28,2022-09-26,3.73,4.9
29,2022-09-27,4.123494946568214,3.5807192848813973
30,2022-09-28,4.3768671531278684,1.8850837617787288
31,2022-09-29,3.448790974969997,6.36181838784877
32,2022-09-30,4.609822917857265,5.040974745860764
33,2022-10-01,2.918769251376994,5.301548506287874
34,2022-10-02,2.247698490799804,7.019293572947371
35,2022-10-03,3.8,4.87
36,2022-10-04,1.078832650611448,7.149182277342468
37,2022-10-05,7.322657683925018,6.9259822559779085
38,2022-10-06,3.4721515179363918,5.867582789801041
39,2022-10-07,3.7997995735129337,8.166844944131686
40,2022-10-08,5.22848086480923,7.920399064362573
41,2022-10-09,5.946972145929837,4.0708254477137125
42,2022-10-10,3.92,5.06
43,2022-10-11,4.91490510718783,5.577973662067307
44,2022-10-12,3.1697604928340244,2.6480236490166815
45,2022-10-13,4.55782487499038,2.56237574216448
46,2022-10-14,3.7952974091768135,4.885982270023625
47,2022-10-15,2.602507192896772,5.697359189010066
48,2022-10-16,1.9320051340009894,8.983973332824098
49,2022-10-17,3.89,5.28
50,2022-10-18,2.8169173145158624,6.103214185357279
51,2022-10-19,2.835730668248733,2.5425133274787197
52,2022-10-20,4.973486090856879,7.297666116347083
53,2022-10-21,2.3340833710544833,5.698662284861701
54,2022-10-22,5.827478079140899,7.498406979559957
55,2022-10-23,1.4065344641299506,8.74713384698925
56,2022-10-24,3.79,5.33
57,2022-10-25,4.153709477897895,6.038524438988222
58,2022-10-26,5.260698874701188,5.177789169843538
59,2022-10-27,3.480359319201441,6.359026191990784
60,2022-10-28,3.8227111394739075,7.056922336637078
61,2022-10-29,4.6130685798086795,6.333791156415181
62,2022-10-30,4.203091718207573,5.379713088311759
63,2022-10-31,3.76,5.31
64,2022-11-01,4.07790753661901,3.8269331996236247
65,2022-11-02,5.129167821506867,6.3962982607041585
66,2022-11-03,3.1753889942329354,6.0031940228420915
67,2022-11-04,4.256609949996271,5.344307434184669
68,2022-11-05,3.0949108099663203,4.658108162355491
69,2022-11-06,4.2468588919692465,4.177142027070894
70,2022-11-07,3.8,5.34
71,2022-11-08,1.8988098330849774,6.116618689452899
72,2022-11-09,4.9495978529981235,6.408487659567408
73,2022-11-10,5.986028407766058,8.319577432392546
74,2022-11-11,3.3309968432204182,3.105343683121985
75,2022-11-12,4.369395717929355,5.960666858040828
76,2022-11-13,3.905551116800194,6.602666216131084
77,2022-11-14,3.77,5.36
78,2022-11-15,0.7440799751831824,3.347569422011317
79,2022-11-16,1.8354500804370806,4.270412611312672
80,2022-11-17,0.9598112970198591,5.270334719783568
81,2022-11-18,5.340753158440283,2.598819697036811
82,2022-11-19,3.085189685988392,5.5273240692328605
83,2022-11-20,5.498867723064745,5.297475008499838
84,2022-11-21,3.66,5.3
85,2022-11-22,4.033285788684976,5.513120771799019
86,2022-11-23,4.522343625626776,5.245982642650529
87,2022-11-24,5.858817580838537,4.651752285954686
88,2022-11-25,-0.6755710395068499,3.9193418692974684
89,2022-11-26,4.3446145112517565,6.51873406041291
90,2022-11-27,5.666348943750464,5.6523926681231895
91,2022-11-28,3.55,5.22
92,2022-11-29,4.684082343246812,6.968251957945056
93,2022-11-30,2.747156283789924,6.262442061556163
94,2022-12-01,3.6956794640539674,4.212590568604293
95,2022-12-02,6.398720402848403,8.343010149308142
96,2022-12-03,3.605030594129294,3.848201704510095
97,2022-12-04,4.851392064902814,5.587475712543374
98,2022-12-05,3.4,5.08
99,2022-12-06,4.832525264235832,5.536446387237078
100,2022-12-07,5.034200986944583,4.290760432511264
101,2022-12-08,3.45217648937141,6.224961988575684
102,2022-12-09,3.7441423309493205,5.19025771219724
103,2022-12-10,3.1290663053651833,6.4816137169776304
104,2022-12-11,3.9358237733402874,5.47004811619607
105,2022-12-12,3.26,4.92
106,2022-12-13,4.777611001413704,3.8533458684265876
107,2022-12-14,4.671129769098492,4.9344283192162965
108,2022-12-15,0.8959844661758631,5.856443348091647
109,2022-12-16,2.137316082496772,6.610358380463821
110,2022-12-17,2.608267708264905,5.405247592030339
111,2022-12-18,0.8522142524164789,3.653123896532626
112,2022-12-19,3.14,4.77
113,2022-12-20,3.323074306814435,2.108845913905395
114,2022-12-21,1.7810872294275102,3.856122484009343
115,2022-12-22,1.6531930721845933,5.360297843807555
116,2022-12-23,1.5500033276173313,4.097393709933182
117,2022-12-24,3.2488019036101377,4.777072031280021
118,2022-12-25,4.467146924699991,5.956960556121281
119,2022-12-26,3.1,4.68
120,2022-12-27,0.311945407288567,3.0705876918117134
121,2022-12-28,5.928797794211055,4.224676085067299
122,2022-12-29,4.02553460953038,3.5357231801865376
123,2022-12-30,2.003370749866222,4.5437929148879
124,2022-12-31,2.376733656699901,6.588820509697361
125,2023-01-01,2.7315604853724498,4.818658526475759
126,2023-01-02,3.22,4.68
127,2023-01-03,3.144368593687164,3.7307547701876276
128,2023-01-04,3.8940734855289856,2.875557267965762
129,2023-01-05,2.4152737580907866,4.633246838048233
130,2023-01-06,2.8832882468311993,4.706462952706206
131,2023-01-07,3.7829383500872815,3.748630803356587
132,2023-01-08,3.5600732187119886,3.41905788583652
133,2023-01-09,3.28,4.65
134,2023-01-10,3.472363807634941,4.244111993213537
135,2023-01-11,3.7702034510311426,5.031860773989543
136,2023-01-12,4.943968585403554,5.035296626917953
137,2023-01-13,0.9565000843149001,3.344304251186823
138,2023-01-14,4.073341803662302,4.245257440482468
139,2023-01-15,2.826078725311243,3.6187717367217376
140,2023-01-16,3.31,4.6
141,2023-01-17,2.981820570119451,5.1916423067318815
142,2023-01-18,3.9511481865955336,5.958379450462258
143,2023-01-19,1.6439582120028273,4.884759928386227
144,2023-01-20,3.398756351915358,4.566825141905711
145,2023-01-21,1.812653465845612,3.787587394557045
146,2023-01-22,1.551974574703717,1.7438055926741747
147,2023-01-23,3.42,4.62
148,2023-01-24,4.164152178018033,5.7444571038953764
149,2023-01-25,6.667467877147865,4.813107264470817
150,2023-01-26,5.8200529378193515,3.7155312509956064
151,2023-01-27,2.6770233477067484,6.06578902398917
152,2023-01-28,7.307443472051515,3.9350291616121895
153,2023-01-29,3.81594884655772,4.56521169441376
154,2023-01-30,3.51,4.68
155,2023-01-31,3.8099846585851465,5.463215706562268
156,2023-02-01,3.8482383864436467,6.740537037454202
157,2023-02-02,2.487202788403752,6.099024691699928
158,2023-02-03,1.8838879173840457,6.295022722917596
159,2023-02-04,5.479159031020229,5.883917420496118
160,2023-02-05,4.549236834490639,5.789651047126895
161,2023-02-06,3.47,4.62
162,2023-02-07,2.491165638798703,4.163851753055298
163,2023-02-08,3.635058021083948,4.454065539101199
164,2023-02-09,5.969868941893637,4.669155248012646
165,2023-02-10,3.1630707800426516,3.930644931288529
166,2023-02-11,3.2902450785553703,4.529585174708416
167,2023-02-12,3.6093124555023826,4.8501810290339
168,2023-02-13,3.42,4.55
169,2023-02-14,5.425505064035754,5.521776112643203
170,2023-02-15,3.897475416904755,4.767932509814349
171,2023-02-16,3.67343272697563,7.56438966130065
172,2023-02-17,2.159144703025243,6.296994275216086
173,2023-02-18,4.654349552484428,4.891992607417918
174,2023-02-19,2.073433129649806,3.924433055050683
175,2023-02-20,3.41,4.49
176,2023-02-21,1.7541112348719277,2.1333050497209127
177,2023-02-22,1.6411211692426297,2.94726404253587
178,2023-02-23,2.242474357323248,4.427211694243165
179,2023-02-24,1.5290432931090494,6.897477902739112
180,2023-02-25,3.8049150253772894,5.0521746577895925
181,2023-02-26,3.564537835052378,4.90778672707451
182,2023-02-27,3.37,4.41
183,2023-02-28,-0.12437546955624157,4.756231499093682
184,2023-03-01,1.1966608888609436,5.153898007239467
185,2023-03-02,5.412139774871951,4.207835230006134
186,2023-03-03,4.736858626925761,1.5300666440077744
187,2023-03-04,5.441710671202344,2.2352267893150826
188,2023-03-05,5.440405912176358,6.054331627424961
189,2023-03-06,3.41,4.38
190,2023-03-07,3.2879693665796665,4.487357294521348
191,2023-03-08,3.9985997211465496,7.275676960283634
192,2023-03-09,2.4599715259930903,3.794588939834068
193,2023-03-10,3.465954609515129,5.439428671041416
194,2023-03-11,4.3404430857280305,3.655331344643655
195,2023-03-12,2.7680763022879447,5.3239251882475545
196,2023-03-13,3.47,4.34
197,2023-03-14,2.258620521542921,6.264660950535001
198,2023-03-15,3.7400669500631065,3.984543385745008
199,2023-03-16,1.9786501265471828,6.088672655866389
200,2023-03-17,4.295445315362762,4.3275619736819335
201,2023-03-18,1.2396745304035894,5.1728442828642915
202,2023-03-19,5.64683766359013,4.486078517119184
203,2023-03-20,3.44,4.29
204,2023-03-21,2.372423783818832,3.8091360562997756
205,2023-03-22,2.9983251210768116,4.131555137947394
206,2023-03-23,2.88541328320881,5.408229860020295
207,2023-03-24,5.879836478221852,8.136833370480847
208,2023-03-25,4.066761268290399,6.5284961441862635
209,2023-03-26,4.099167009561181,4.852749106725972
210,2023-03-27,3.44,4.24
211,2023-03-28,2.0926745716001367,3.3757506350233086
212,2023-03-29,5.678745448932686,5.941959034148141
213,2023-03-30,0.532651681591076,2.3172137194533327
214,2023-03-31,4.971787806092722,3.312519044539183
215,2023-04-01,3.1638567116747147,6.39250453575219
216,2023-04-02,2.9478171447699397,4.197911886433052
217,2023-04-03,3.51,4.2
218,2023-04-04,0.9847827932223763,1.494802178770673
219,2023-04-05,3.7021568469514006,4.60574668358272
220,2023-04-06,4.020652263509986,4.977306697269788
221,2023-04-07,1.4406298759408251,5.013199329955731
222,2023-04-08,1.8341808840115306,6.5592922879010604
223,2023-04-09,2.304321214606525,5.994776674388081
224,2023-04-10,3.6,4.2
225,2023-04-11,2.716405364425479,3.646574610457023
226,2023-04-12,0.2977831499124357,4.651444302353152
227,2023-04-13,5.6016622539256025,4.310626801716534
228,2023-04-14,6.359826432584379,1.5708368608021979
229,2023-04-15,5.347611581760384,4.134663774165506
230,2023-04-16,2.4010235779724303,6.099988769696275
231,2023-04-17,3.67,4.2
232,2023-04-18,2.170003673522446,5.063199774305091
233,2023-04-19,4.16516071827838,4.650816427367985
234,2023-04-20,4.770074833367585,4.895522589001729
235,2023-04-21,2.031151441542086,2.656979921123367
236,2023-04-22,5.8715725457181325,4.4873953770052655
237,2023-04-23,6.118484420050871,2.7957755106474673
238,2023-04-24,3.67,4.17
239,2023-04-25,1.8628013971381552,4.109932532218138
240,2023-04-26,2.0557148207244142,5.159313332192984
241,2023-04-27,2.6669873830118167,4.96002494391477
242,2023-04-28,2.1376744745150837,4.37499657169058
243,2023-04-29,3.616508879992835,4.281365701435678
244,2023-04-30,0.9735017121651022,3.7196264759090805
245,2023-05-01,3.61,4.11
246,2023-05-02,6.041452255428153,3.6637299200829885
247,2023-05-03,0.20691456775139727,2.026251614938726
248,2023-05-04,0.7603531461352646,3.3318668457052882
249,2023-05-05,-0.1303505918830825,2.4463002104621836
250,2023-05-06,2.7956327722102996,4.774516159222424
251,2023-05-07,6.034770340229293,3.944963028569258
252,2023-05-08,3.54,4.05
253,2023-05-09,1.0414259375938375,5.072229381291195
254,2023-05-10,6.2137672866756395,5.436793530528927
255,2023-05-11,3.6823446842789354,4.20415011630728
256,2023-05-12,4.2442608322565,4.0683736350418
257,2023-05-13,1.8265530759436857,2.286533444747936
258,2023-05-14,1.1142583220754907,2.7662682357801374
259,2023-05-15,3.54,4.01
260,2023-05-16,5.652047530589593,3.1836399064268837
261,2023-05-17,4.099234903465466,2.7448581303685957
262,2023-05-18,1.1308579399969307,4.767755283886253
263,2023-05-19,5.199245276634636,2.8701100428805413
264,2023-05-20,2.3420171937074636,1.6054601325134596
265,2023-05-21,4.361363902747025,1.9891181647507317
266,2023-05-22,3.54,3.98
267,2023-05-23,4.8231139757922445,2.072382081255432
268,2023-05-24,3.834948254875461,3.3074625137943174
269,2023-05-25,5.475440284562957,4.416908420639538
270,2023-05-26,3.045272791700366,1.636854486240754
271,2023-05-27,3.510701256528494,3.3894838957069156
272,2023-05-28,3.4674029252890937,1.5561644990580716
273,2023-05-29,3.58,3.95
274,2023-05-30,2.8765983605292624,1.9522592811546846
275,2023-05-31,4.556470761056485,4.92925155210852
276,2023-06-01,3.081749420841107,3.496497914509218
277,2023-06-02,7.018670012701808,4.025132486535636
278,2023-06-03,3.806904609784216,2.4636496601630054
279,2023-06-04,5.601319240654185,4.019106206933123
280,2023-06-05,3.55,3.92
281,2023-06-06,3.850275852898907,2.0523788638580696
282,2023-06-07,2.8162853469337272,5.113131145111159
283,2023-06-08,3.5342379392653163,5.094980700778319
284,2023-06-09,3.683670014485353,3.637989231207875
285,2023-06-10,4.276753710522481,4.140951623065041
286,2023-06-11,4.044723652836346,5.628860818025249
287,2023-06-12,3.59,3.91
288,2023-06-13,5.024216035178069,3.269380248825697
289,2023-06-14,1.0457794211492777,5.080655207789248
290,2023-06-15,2.6746450116924305,1.0872953197529265
291,2023-06-16,5.148547121630827,3.498926083803151
292,2023-06-17,6.486860305470154,5.4951822568010975
293,2023-06-18,3.384784625610304,1.8859393769093291
294,2023-06-19,3.58,3.87
295,2023-06-20,3.8680144736577478,3.5350737298211237
296,2023-06-21,3.925063631057708,5.866574861689262
297,2023-06-22,3.7237915283861214,3.0842995109352493
298,2023-06-23,2.451286894132661,0.31037650471335754
299,2023-06-24,4.211733185666751,2.477833450017524
300,2023-06-25,5.546350240847258,4.212736377141183
301,2023-06-26,3.57,3.88
302,2023-06-27,2.427649871322532,1.6882619788337725
303,2023-06-28,3.4597655694221245,4.947953027057039
304,2023-06-29,4.0655142607877846,2.1424921916537354
305,2023-06-30,1.3566008535162135,3.5334221423887544
306,2023-07-01,6.0777936812672255,4.372085914629513
307,2023-07-02,4.297046732894213,0.7105728655285701
308,2023-07-03,3.54,3.84
309,2023-07-04,3.733584714643518,1.6115401289292204
310,2023-07-05,2.782854471707651,5.372716406425171
311,2023-07-06,5.317927333726842,1.6643073359293123
312,2023-07-07,5.120062258549197,4.713885954437268
313,2023-07-08,5.033083313160168,2.267863102037062
314,2023-07-09,4.4708177990902875,3.8654512988014447
315,2023-07-10,3.54,3.84
316,2023-07-11,3.8660604956848257,3.558553150012948
317,2023-07-12,4.326459081695007,3.6750359180728016
318,2023-07-13,6.410021739518655,0.5209009574551708
319,2023-07-14,2.653433726344048,4.104258408078884
320,2023-07-15,3.908620169914654,3.062036090513945
321,2023-07-16,3.722967559262204,3.911047327635824
322,2023-07-17,3.57,3.84
323,2023-07-18,3.0929906239827547,4.3424063882153625
324,2023-07-19,2.409818211621779,2.877179810434461
325,2023-07-20,5.412690471586404,3.9265535061791264
326,2023-07-21,3.2663208237864594,3.9588251306288753
327,2023-07-22,3.092441438278416,3.304467953268694
328,2023-07-23,2.2493890716624216,4.910201639701244
329,2023-07-24,3.6,3.88
330,2023-07-25,1.2847450754140595,5.157888133891596
331,2023-07-26,6.039127764066752,5.330840431239597
332,2023-07-27,1.8529060381713627,3.5404627073445307
333,2023-07-28,1.0036373878914704,3.076941114567876
334,2023-07-29,3.790763093994711,4.463466269292544
335,2023-07-30,5.57325720498441,5.727594907409501
336,2023-07-31,3.76,4.04
337,2023-08-01,4.479227539166176,3.776199835772828
338,2023-08-02,6.220998559700545,2.955165387781487
339,2023-08-03,3.5238480226329383,5.731443809555724
340,2023-08-04,4.332843019991015,5.007942784343386
341,2023-08-05,5.004315759163721,3.3740686162305327
342,2023-08-06,2.641524645560337,4.101109077858701
343,2023-08-07,3.83,4.19
344,2023-08-08,5.082191711383136,3.5808870739501044
345,2023-08-09,4.964456788837987,4.243030566382177
346,2023-08-10,4.5754110583857255,5.859388270939075
347,2023-08-11,2.8989097880785337,3.431183340853433
348,2023-08-12,4.4830375281607004,3.3698704731202933
349,2023-08-13,2.7811131003990575,4.847385073560436
350,2023-08-14,3.85,4.31
351,2023-08-15,3.8466507809306694,5.140595388699237
352,2023-08-16,2.330124671013532,4.372865586319475
353,2023-08-17,2.1058796952406746,3.680237456104226
354,2023-08-18,4.853693446911826,6.049188119454878
355,2023-08-19,3.034694941754454,5.295030870363704
356,2023-08-20,3.060218693205722,6.378594689551091
357,2023-08-21,3.87,4.35
358,2023-08-22,3.756664261812624,5.279645132769571
359,2023-08-23,4.5297303609857975,3.3801980401661105
360,2023-08-24,1.2414288881274436,4.175492225586004
361,2023-08-25,3.2276061265339395,3.1000757491537656
362,2023-08-26,4.595696754701734,3.6016344088281356
363,2023-08-27,2.5810087588102553,3.938214975156512
364,2023-08-28,3.82,4.38
365,2023-08-29,4.222297382769538,4.5569057835278155
366,2023-08-30,7.888280936836869,2.1925350834930546
367,2023-08-31,2.8109578667173096,4.841678354745503
368,2023-09-01,3.1369576524627734,3.33632365491383
369,2023-09-02,2.9349753837335553,2.9084041511978773
370,2023-09-03,3.646086322972947,3.2552001313775354
371,2023-09-04,3.81,4.45
372,2023-09-05,6.305885368914707,2.0326377113683076
373,2023-09-06,2.850800693567274,5.974276382109433
374,2023-09-07,1.335555152250652,3.8473416832956846
375,2023-09-08,2.0728846977298914,2.554390523892213
376,2023-09-09,2.834955335179174,2.6804197068665645
377,2023-09-10,3.1056525764842995,4.303486923312405
378,2023-09-11,3.83,4.48
379,2023-09-12,1.2878823491464955,2.2980051580559184
380,2023-09-13,3.5129941945971064,3.6563451513509997
381,2023-09-14,3.610976645395384,3.024481024272778
382,2023-09-15,3.048581052457293,4.827484547867855
383,2023-09-16,3.0941782535134026,5.5783552248661445
384,2023-09-17,3.0773389956825117,3.5597876346837873
385,2023-09-18,3.88,4.58
386,2023-09-19,6.916230400501778,2.0602657246791987
387,2023-09-20,3.7155066092717965,5.187846921803598
388,2023-09-21,3.0117530034554143,5.453918906216967
389,2023-09-22,4.462201861534396,3.989604724660913
390,2023-09-23,3.4506600793028723,3.2805654499969643
391,2023-09-24,4.955793484238897,5.350216523229139
392,2023-09-25,3.85,4.57
393,2023-09-26,4.285981056269752,2.6078239973402537
394,2023-09-27,3.2939028641170234,5.368792626671617
395,2023-09-28,3.368782381234406,4.138294241962477
396,2023-09-29,6.590638497047386,1.9844221291182853
397,2023-09-30,2.23299009417161,4.202163022781655
398,2023-10-01,2.815189373594444,3.3930289320637708
399,2023-10-02,3.81,4.58
400,2023-10-03,1.5057547062749457,3.2385890473534955
401,2023-10-04,3.2893896831789786,7.491293656394482
402,2023-10-05,2.9775862247442744,3.342098669163388
403,2023-10-06,4.084069720527237,1.136560465537623
404,2023-10-07,5.299701301113802,3.6456616485008215
405,2023-10-08,4.513363036951775,4.014312425736289
406,2023-10-09,3.7,4.51
407,2023-10-10,4.51811309374508,6.491408259237574
408,2023-10-11,2.3883893002836034,5.437783983401115
409,2023-10-12,1.1812554513226643,3.9014081953198794
410,2023-10-13,4.767702665699066,4.948750041980381
411,2023-10-14,3.7219395364419574,7.257644556564797
412,2023-10-15,6.752531030174762,6.657121398886982
413,2023-10-16,3.6,4.46
414,2023-10-17,4.178679722029972,6.871534387398407
415,2023-10-18,1.061823446728067,3.867549253247743
416,2023-10-19,3.2242404194753376,3.588094213418291
417,2023-10-20,0.745579789736615,6.945049576377542
418,2023-10-21,4.217015163399317,4.133712936414719
419,2023-10-22,2.164890102225227,4.591427497451066
420,2023-10-23,3.55,4.5
421,2023-10-24,3.4671401400507578,6.172426095489961
422,2023-10-25,3.038856614163307,3.941697120875036
423,2023-10-26,3.535533360317375,4.461081596200275
424,2023-10-27,2.925707638692291,2.6898407030156806
425,2023-10-28,3.676104665701056,2.22354905299913
426,2023-10-29,1.7715370620329527,5.275924565503933
427,2023-10-30,3.49,4.47
428,2023-10-31,0.9145498337921123,0.43152024262000577
429,2023-11-01,7.488290134924828,2.3637831119252697
430,2023-11-02,4.31255995763723,3.2590408699246654
431,2023-11-03,2.241120574186719,4.65937521347899
432,2023-11-04,4.68686663668805,6.35984567819116
433,2023-11-05,4.035005228494107,5.092296930613936
434,2023-11-06,3.42,4.4
435,2023-11-07,3.7592682272369347,4.032901106072239
436,2023-11-08,2.9255534639845076,7.630097242357234
437,2023-11-09,3.5229611228301967,4.891327574518993
438,2023-11-10,6.561711458444476,6.677845886997206
439,2023-11-11,4.115976836830356,3.235624054733847
440,2023-11-12,1.6930807811521835,3.531095254944711
441,2023-11-13,3.37,4.35
442,2023-11-14,4.006143179298724,2.7236501224124066
443,2023-11-15,2.5152519374961773,4.383412347980971
444,2023-11-16,2.408660654945061,3.110426852608361
445,2023-11-17,3.1674337335337044,2.6998600623619584
446,2023-11-18,3.2477128901447423,6.068293412516322
447,2023-11-19,3.3073240572605247,5.761353948643443
448,2023-11-20,3.31,4.28
449,2023-11-21,4.632629102216583,4.916176929453742
450,2023-11-22,3.2832088148342344,7.83306759442467
451,2023-11-23,1.8839305624450042,5.235698603911372
452,2023-11-24,3.744318501147683,6.976835069535872
453,2023-11-25,2.669500150585292,0.8409714135508777
454,2023-11-26,5.377400634107659,3.43793522386079
455,2023-11-27,3.25,4.23
456,2023-11-28,3.3003517386389443,5.528564582037522
457,2023-11-29,3.6063943106124454,3.538107643395154
458,2023-11-30,3.551102434889178,5.489687610018929
459,2023-12-01,2.312505018152401,1.8169117990375234
460,2023-12-02,3.06412511983143,3.2500710117940557
461,2023-12-03,2.0410725098778792,7.182361680141799
462,2023-12-04,3.24,4.19
463,2023-12-05,1.6852221697491245,4.106777086360426
464,2023-12-06,2.5690627925631415,5.433111328938628
465,2023-12-07,5.042876840382288,4.128304982028844
466,2023-12-08,0.48313435879124356,1.9206404187141057
467,2023-12-09,3.355889212755086,6.833915791099182
468,2023-12-10,4.034242646186462,4.496880956251585
469,2023-12-11,3.15,4.1
470,2023-12-12,-0.2741893880051367,3.5240998930239384
471,2023-12-13,1.3441181248261183,6.305163128519412
472,2023-12-14,4.718052456796343,5.100757673203521
473,2023-12-15,2.978069640995676,3.827270692225966
474,2023-12-16,4.989972447527451,4.6558812628238035
475,2023-12-17,0.45255158958594555,4.499773934853505
476,2023-12-18,3.07,4.01
477,2023-12-19,3.780124506941024,4.213723922799443
478,2023-12-20,3.909127303017713,4.369968461398777
479,2023-12-21,5.853620711283618,3.9573959154438287
480,2023-12-22,3.6659779141233155,6.707787388454809
481,2023-12-23,2.4270191906871545,2.343849358236748
482,2023-12-24,2.367101049048533,4.595359365915612
483,2023-12-25,3.13,4.02
484,2023-12-26,0.413598325773739,5.431290271145921
485,2023-12-27,4.603279661754409,2.173618683571064
486,2023-12-28,5.744901802387815,3.3830579112308734
487,2023-12-29,4.432083663026956,5.068829906907785
488,2023-12-30,1.7627507988390674,2.9316008364488355
489,2023-12-31,2.3127115266535627,4.233065947939288
490,2024-01-01,3.11,3.98
491,2024-01-02,3.271526970682454,4.234552245645585
492,2024-01-03,0.2433812888640774,3.091797755493748
493,2024-01-04,4.912680393429717,4.669141807250243
494,2024-01-05,-0.1781463757493893,3.8353945170870336
495,2024-01-06,2.670662728418244,1.9061912796343252
496,2024-01-07,3.5355644550701477,5.27918694106864
497,2024-01-08,3.08,3.95
498,2024-01-09,2.28094163551867,3.511680298608667
499,2024-01-10,0.6853207362455316,5.9677971035686745
500,2024-01-11,4.460921217155362,1.645677436646602
501,2024-01-12,2.2290866843581427,5.828283459159349
502,2024-01-13,3.0733548348074464,5.240573813116756
503,2024-01-14,2.875736806320514,4.348306126869884
504,2024-01-15,3.07,3.92
505,2024-01-16,2.251717538882101,3.264623830903608
506,2024-01-17,4.852974313779903,5.893051466612312
507,2024-01-18,4.775113674685193,6.4495507830355745
508,2024-01-19,2.994647714083908,2.9964095210989146
509,2024-01-20,0.488915044039524,5.781778865326275
510,2024-01-21,7.56236786991224,3.055965001497395
511,2024-01-22,3.08,3.91
512,2024-01-23,2.6220129384920727,2.596478960434334
513,2024-01-24,3.3934271723844156,3.6916365143474836
514,2024-01-25,0.7266128218321293,2.6014005167943157
515,2024-01-26,-0.5130257802121365,4.647240084734428
516,2024-01-27,2.2570656794742527,4.706017806760753
517,2024-01-28,0.2761816911506769,2.8610089862424664
518,2024-01-29,3.11,3.91
519,2024-01-30,6.06417776659255,3.795436899598128
520,2024-01-31,0.670503801033985,4.773469220859425
521,2024-02-01,4.9193185946921005,4.917826718195533
522,2024-02-02,3.2651972100491453,3.8384503947174395
523,2024-02-03,5.493074247012272,4.300230505295901
524,2024-02-04,4.445806415856309,6.905115821562199
525,2024-02-05,3.15,3.93
526,2024-02-06,4.287989753929293,6.540591777968181
527,2024-02-07,4.310244706827417,5.939934138505281
528,2024-02-08,0.5095410262474034,3.0459917320989245
529,2024-02-09,4.602421690584186,4.177700327079642
530,2024-02-10,3.476204891896315,8.458460079656446
531,2024-02-11,4.530472441081651,2.946049725486378
532,2024-02-12,3.2,4.0
533,2024-02-13,5.8398337861983975,2.5325961054341084
534,2024-02-14,1.662150371515561,2.959329316231487
535,2024-02-15,5.260738728709793,3.9973327485495167
536,2024-02-16,3.1603936629580995,5.181275814474804
537,2024-02-17,1.3172228101646848,4.0646526701589165
538,2024-02-18,1.876771370712944,3.06265502242299
539,2024-02-19,3.28,4.1
540,2024-02-20,3.5492110617922172,4.793080449857595
541,2024-02-21,-0.8017581206413116,3.5960384567019448
542,2024-02-22,1.9105180586050972,5.254157416935617
543,2024-02-23,4.169717181483747,6.116441343377193
544,2024-02-24,2.716884076303365,2.1588260963800483
545,2024-02-25,3.131096025998002,5.047637992881611
546,2024-02-26,3.26,4.07
547,2024-02-27,4.696750907472734,3.930727455052942
548,2024-02-28,3.5556928607767433,3.4917544036403028
549,2024-02-29,2.054495658528021,3.6390336227983133
550,2024-03-01,1.4009378996618809,2.271079246884924
551,2024-03-02,4.223480280178348,4.06853874336627
552,2024-03-03,4.392158809395372,4.198847831572873
553,2024-03-04,3.35,4.05
554,2024-03-05,2.617775158056242,5.502033373409916
555,2024-03-06,1.4779587402302727,2.6797468312424946
556,2024-03-07,4.518137839712679,6.181176483330677
557,2024-03-08,3.2902322780360227,4.508261962099069
558,2024-03-09,6.269556976583737,3.8226407127974737
559,2024-03-10,1.8431304537565345,4.5463979231739495
560,2024-03-11,3.4,4.03
561,2024-03-12,4.2025718139201125,2.493211747777111
562,2024-03-13,2.9212223367786017,3.109066903553195
563,2024-03-14,3.208504258470831,4.185453602207833
564,2024-03-15,4.538637477853035,4.958402562539246
565,2024-03-16,4.079913080318254,3.930635831727726
566,2024-03-17,3.7605556935894415,4.8390510298658445
567,2024-03-18,3.47,4.03
568,2024-03-19,3.1900523121911784,4.200315163833985
569,2024-03-20,4.395898312519156,4.078074859050253
570,2024-03-21,1.0724102364253447,5.03706617140467
571,2024-03-22,1.474907816753622,4.268634620963355
572,2024-03-23,7.312374496528157,4.066299303934055
573,2024-03-24,4.248761145292061,1.8962993490423345
574,2024-03-25,3.53,4.04
575,2024-03-26,2.607424546661454,2.92490074510064
576,2024-03-27,4.209648219425533,3.449376839077013
577,2024-03-28,4.653072712154776,3.49291955025149
578,2024-03-29,1.9445037626479431,4.582993350515671
579,2024-03-30,5.312495626516569,2.190252904349976
580,2024-03-31,3.093697505954179,5.054178825315878
581,2024-04-01,3.54,4.02
582,2024-04-02,2.5491995197618347,1.9150542804149842
583,2024-04-03,1.9276284592849402,3.049402723107339
584,2024-04-04,3.2152745746009153,4.800831670967376
585,2024-04-05,3.550034490925752,1.6171396222768024
586,2024-04-06,2.245531987131095,1.4395743811118549
587,2024-04-07,3.850412099949267,3.886610079913195
588,2024-04-08,3.6,4.04
589,2024-04-09,5.013556527797817,3.851760085558397
590,2024-04-10,3.916262808372919,6.490280666126687
591,2024-04-11,3.441783006103992,5.270808706293929
592,2024-04-12,4.691674914613397,4.585761189638312
593,2024-04-13,1.9590717355520217,2.1262024923145604
594,2024-04-14,3.656720230105362,3.3627190266262645
595,2024-04-15,3.63,4.04
596,2024-04-16,2.4080989079317536,2.7662315840336085
597,2024-04-17,2.469909431071633,6.769867619038766
598,2024-04-18,1.3894903003063832,5.639671579514271
599,2024-04-19,2.949082494159842,1.5434652531448618
600,2024-04-20,3.773105218374611,4.275613279733377
601,2024-04-21,2.187352917392843,4.126511136763377
602,2024-04-22,3.68,4.03
603,2024-04-23,4.23075886100335,4.59704912878661
604,2024-04-24,2.957894999551522,0.6817074889517567
605,2024-04-25,2.805808307575255,5.488110401697126
606,2024-04-26,5.9510509349178555,2.6302878084995687
607,2024-04-27,3.162514636650564,1.9920185427504462
608,2024-04-28,4.252589933692381,4.224910101113224
609,2024-04-29,3.66,4.0
610,2024-04-30,4.170687965410494,3.2011810736256328
611,2024-05-01,5.077584635736014,2.2821033445221666
612,2024-05-02,4.008339051655853,4.713822661870933
613,2024-05-03,4.407141447521087,1.825035043244351
614,2024-05-04,3.575667779495016,2.0166826518461685
615,2024-05-05,3.716379703398814,5.071378437466609
616,2024-05-06,3.65,3.97
617,2024-05-07,2.009194456186872,5.72026493196252
618,2024-05-08,3.8399352357948295,-0.23644097549392873
619,2024-05-09,3.8791219042936502,5.009696286582557
620,2024-05-10,2.208002529553953,1.0686010256488316
621,2024-05-11,4.091010937947529,-0.32990707948782694
622,2024-05-12,4.18138034521717,2.4173281914870786
623,2024-05-13,3.62,3.93
624,2024-05-14,5.129965375577748,6.594713176347326
625,2024-05-15,2.666839455805219,3.9663965377904478
626,2024-05-16,2.740513922576409,6.425499417033679
627,2024-05-17,5.60234759448968,6.365725070865432
628,2024-05-18,4.847302857519548,4.877129459086512
629,2024-05-19,2.0238878324119507,4.361958908864959
630,2024-05-20,3.59,3.9
631,2024-05-21,5.650932341487809,6.260233348741135
632,2024-05-22,4.134867248248206,3.677811524328513
633,2024-05-23,6.067964085761079,1.8113518467773853
634,2024-05-24,7.431748457373761,1.653890922411211
635,2024-05-25,5.085845421798377,3.64988213853073
636,2024-05-26,1.895020987005664,5.090113904838855
637,2024-05-27,3.59,3.87
638,2024-05-28,3.997107541554029,3.0462433523836125
639,2024-05-29,6.036790144001511,4.2815981813863235
640,2024-05-30,3.865966146507643,3.6304787434496357
641,2024-05-31,3.4681180214891363,2.666531865995054
642,2024-06-01,1.1632224094387031,3.4471954983217867
643,2024-06-02,4.215037837124151,0.7763631640248145
644,2024-06-03,3.53,3.85
645,2024-06-04,4.447577468761022,5.866596671015172
646,2024-06-05,5.289289741098642,4.292502647006732
647,2024-06-06,4.491052853260291,4.266934214195229
648,2024-06-07,5.122281654217618,3.6959936517878744
649,2024-06-08,7.295187201462247,3.5601783503761864
650,2024-06-09,1.942822326099479,5.199897921779984
651,2024-06-10,3.45,3.79
652,2024-06-11,3.110658661630023,2.815368857766357
653,2024-06-12,3.346266379934161,1.9499030787897458
654,2024-06-13,3.4802235740854237,3.2869957703145456
655,2024-06-14,4.811517276334753,3.144974598397401
656,2024-06-15,3.519010705014107,5.218666205450544
657,2024-06-16,4.08366224248253,3.5789670049820677
658,2024-06-17,3.45,3.77
659,2024-06-18,3.812879700581732,3.5199600856625226
660,2024-06-19,2.999556245314764,6.996425946752346
661,2024-06-20,1.5641568440850326,1.8041994825726877
662,2024-06-21,3.8531160391945476,6.597583786279248
663,2024-06-22,4.973343895604598,0.9956334084189415
664,2024-06-23,1.1419260339160529,4.846375879898019
665,2024-06-24,3.45,3.79
666,2024-06-25,5.697928747960292,4.778396091928022
667,2024-06-26,3.3756341525311613,3.6861555527218366
668,2024-06-27,4.608683242042843,2.117043969820644
669,2024-06-28,3.18068483780301,4.169613790157857
670,2024-06-29,2.936258035192189,6.9248987283618
671,2024-06-30,2.7715255545141524,5.998032803069976
672,2024-07-01,3.49,3.8
673,2024-07-02,1.4404769255252203,4.695954153587103
674,2024-07-03,1.942004068697113,4.445309552062168
675,2024-07-04,1.3838830389371037,2.5081401873931632
676,2024-07-05,5.2540416367954546,5.226357959931833
677,2024-07-06,1.471153503087912,3.3008467657863716
678,2024-07-07,2.6755931328958384,3.7560330025535267
679,2024-07-08,3.51,3.84
680,2024-07-09,3.694885124280924,4.325990912213093
681,2024-07-10,2.5984979307967935,5.501705935940953
682,2024-07-11,1.4198017764658228,4.586773849200651
683,2024-07-12,1.5484178371388195,6.857409055418872
684,2024-07-13,6.677924021093922,3.658208399734934
685,2024-07-14,4.243397381004329,3.435563430758415
686,2024-07-15,3.52,3.86
687,2024-07-16,2.8039289023772396,4.5434360072133435
688,2024-07-17,4.676778484645636,4.86281031041047
689,2024-07-18,2.801335229554756,4.399133847178946
690,2024-07-19,2.5288517993083337,4.1912398439440866
691,2024-07-20,5.406802665085042,2.427725798773952
692,2024-07-21,1.3826069437849267,3.382369282845137
693,2024-07-22,3.5,3.83
694,2024-07-23,6.035836620166892,3.985668410073783
695,2024-07-24,3.1925519535734352,2.843799505384268
696,2024-07-25,4.289456089247831,2.4560285965006687
697,2024-07-26,1.7141548632559038,4.3900680922195585
698,2024-07-27,2.772888827520025,3.5723526695180987
699,2024-07-28,1.8570795557791393,2.6000142689493164
700,2024-07-29,3.51,3.81
701,2024-07-30,3.6534981091294103,5.3224549387155395
702,2024-07-31,3.3662362484433075,4.2102029809914985
703,2024-08-01,3.0518702083379114,5.399850240705926
704,2024-08-02,3.194521915654879,6.49599936422484
705,2024-08-03,4.132747175116207,5.056025947182281
706,2024-08-04,3.7325938650802093,2.6623528291649334
707,2024-08-05,3.47,3.79
708,2024-08-06,1.7019945737085789,3.0046532041829765
709,2024-08-07,2.857736398234296,3.114903905209896
710,2024-08-08,3.526778829872501,3.1954571954593907
711,2024-08-09,2.35065779224448,2.9269476602523614
712,2024-08-10,4.327967311539223,3.0597683285390804
713,2024-08-11,4.053943207602298,5.810161622039683
714,2024-08-12,3.44,3.75
715,2024-08-13,1.3577399045138487,4.043563643084128
716,2024-08-14,1.4080183800343438,6.433573298032595
717,2024-08-15,3.166860674682779,1.8006357067586238
718,2024-08-16,5.840567383923307,4.993915764401743
719,2024-08-17,4.571413626202075,1.9638950654622158
720,2024-08-18,5.487121568202054,5.041199022061039
721,2024-08-19,3.41,3.73
722,2024-08-20,2.7577854711728316,1.7437133269203522
723,2024-08-21,1.244980079059141,3.54473843946138
724,2024-08-22,5.298588407503899,3.441084712087066
725,2024-08-23,4.003981884245529,2.0936799584890675
726,2024-08-24,3.7749937608171504,4.09971501578238
727,2024-08-25,2.3684920839816574,2.8943591493225975
728,2024-08-26,3.35,3.7
729,2024-08-27,3.2369715186064467,3.019829062981421
730,2024-08-28,4.805324066578198,5.375103759744514
731,2024-08-29,4.199605990378391,2.6913885780240117
732,2024-08-30,4.03289207525027,2.4850197156627756
733,2024-08-31,2.413004578278886,2.5938277356686794
734,2024-09-01,5.789043624821019,5.862343712014698
735,2024-09-02,3.7016965687567165,3.9573733552241666
